slice,method,trig,lines_kept,samples,rel_rms_pct,psnr_db,ms
4,"F^H d, RSS over coils",accurate,256,65536,0.0002,125.493,561.41
4,"F^H d, RSS over coils",hardware,256,65536,0.0002,126.275,629.67
4,"zero-filled F^H d, RSS over coils",accurate,70,17920,25.3796,24.679,170.61
4,"CG on undersampled data, 1 iteration",accurate,70,17920,25.3796,24.679,564.30
4,"CG on undersampled data, 2 iterations",accurate,70,17920,25.3796,24.679,564.30
4,"CG on undersampled data, 4 iterations",accurate,70,17920,25.3796,24.679,564.30
4,"CG on undersampled data, 8 iterations",accurate,70,17920,25.3796,24.679,564.30
8,"F^H d, RSS over coils",accurate,256,65536,0.0002,126.311,620.42
8,"F^H d, RSS over coils",hardware,256,65536,0.0002,127.478,710.43
8,"zero-filled F^H d, RSS over coils",accurate,70,17920,26.4788,24.641,165.26
8,"CG on undersampled data, 1 iteration",accurate,70,17920,26.4788,24.641,559.98
8,"CG on undersampled data, 2 iterations",accurate,70,17920,26.4788,24.641,559.98
8,"CG on undersampled data, 4 iterations",accurate,70,17920,26.4788,24.641,559.98
8,"CG on undersampled data, 8 iterations",accurate,70,17920,26.4788,24.641,559.98
12,"F^H d, RSS over coils",accurate,256,65536,0.0002,126.678,619.50
12,"F^H d, RSS over coils",hardware,256,65536,0.0002,127.845,784.10
12,"zero-filled F^H d, RSS over coils",accurate,70,17920,25.9658,24.695,177.10
12,"CG on undersampled data, 1 iteration",accurate,70,17920,25.9658,24.695,577.01
12,"CG on undersampled data, 2 iterations",accurate,70,17920,25.9658,24.695,577.01
12,"CG on undersampled data, 4 iterations",accurate,70,17920,25.9658,24.695,577.01
12,"CG on undersampled data, 8 iterations",accurate,70,17920,25.9658,24.695,577.01
