section,param,series,value
A_crossover_ms,1,cpu,0.02426
A_crossover_ms,1,gpu_v1,0.25301
A_crossover_ms,1,gpu_v2,0.24278
A_crossover_ms,1,gpu_v3,0.24256
A_crossover_ms,10,cpu,0.25262
A_crossover_ms,10,gpu_v1,0.17433
A_crossover_ms,10,gpu_v2,0.16655
A_crossover_ms,10,gpu_v3,0.16743
A_crossover_ms,100,cpu,2.14030
A_crossover_ms,100,gpu_v1,0.13071
A_crossover_ms,100,gpu_v2,0.12457
A_crossover_ms,100,gpu_v3,0.13979
A_crossover_ms,400,cpu,8.21686
A_crossover_ms,400,gpu_v1,0.20936
A_crossover_ms,400,gpu_v2,0.20207
A_crossover_ms,400,gpu_v3,0.21206
A_crossover_ms,1000,cpu,20.44676
A_crossover_ms,1000,gpu_v1,0.23454
A_crossover_ms,1000,gpu_v2,0.21453
A_crossover_ms,1000,gpu_v3,0.25353
A_crossover_ms,4000,cpu,80.73785
A_crossover_ms,4000,gpu_v1,0.58354
A_crossover_ms,4000,gpu_v2,0.43916
A_crossover_ms,4000,gpu_v3,0.62131
A_crossover_ms,10000,cpu,212.78342
A_crossover_ms,10000,gpu_v1,1.34276
A_crossover_ms,10000,gpu_v2,0.99308
A_crossover_ms,10000,gpu_v3,1.47142
A_crossover_ms,40000,cpu,847.24741
A_crossover_ms,40000,gpu_v1,6.94180
A_crossover_ms,40000,gpu_v2,4.97871
A_crossover_ms,40000,gpu_v3,7.60051
C_gather_vs_scatter_ms,500,gather_v1,0.38713
C_gather_vs_scatter_ms,500,scatter_naive,1.13288
C_gather_vs_scatter_ms,500,scatter_staggered,0.21601
C_gather_vs_scatter_ms,2000,gather_v1,0.25559
C_gather_vs_scatter_ms,2000,scatter_naive,3.45480
C_gather_vs_scatter_ms,2000,scatter_staggered,0.52369
C_gather_vs_scatter_ms,4000,gather_v1,0.47830
C_gather_vs_scatter_ms,4000,scatter_naive,7.10994
C_gather_vs_scatter_ms,4000,scatter_staggered,1.12679
D_atom_storage_ms_per_launch,4000,constant,0.58661
D_atom_storage_ms_per_launch,4000,global,0.72152
E_chunk_size_ms,125,v2,308.58832
E_chunk_size_ms,250,v2,165.24829
E_chunk_size_ms,500,v2,100.01765
E_chunk_size_ms,1000,v2,70.25483
E_chunk_size_ms,2000,v2,52.78362
E_chunk_size_ms,4000,v2,45.62047
