algorithm,L_angstrom,volume_A3,points,atoms,ms,max_err,check,bin_edge_A,host_bin_ms,h2d_ms,kernel_ms,overflow_cpu_ms,overflow_atoms,mean_candidates,mean_inside
gpu_smallbin,10,1000,8000,100,0.391,6.46e-08,PASS,3,0.002,0.278,0.111,0.000,0,100.0,70.2
gpu_smallbin,20,8000,64000,800,0.867,1.39e-07,PASS,3,0.009,0.171,0.686,0.000,0,398.6,135.5
gpu_smallbin,40,64000,512000,6400,8.990,1.19e-07,PASS,3,0.191,0.812,7.846,0.141,2,628.6,173.9
gpu_smallbin,80,512000,4096000,51200,80.403,7.86e-08,PASS,3,1.802,1.169,73.358,4.075,39,792.8,191.6
gpu_smallbin,120,1728000,13824000,172800,284.498,8.98e-08,PASS,3,5.920,2.232,258.756,17.590,162,845.7,198.4
gpu_smallbin,160,4096000,32768000,409600,712.678,1.04e-07,PASS,3,11.282,5.136,645.190,51.070,394,872.0,202.8
gpu_smallbin_binsweep,40,64000,512000,6400,20.519,8.07e-08,PASS,2,0.715,0.820,18.983,0.000,0,497.7,173.9
gpu_smallbin_binsweep,40,64000,512000,6400,8.497,1.19e-07,PASS,3,0.287,0.297,7.790,0.123,2,628.6,173.9
gpu_smallbin_binsweep,40,64000,512000,6400,47.693,1.21e-07,PASS,4,0.070,0.252,2.078,45.292,426,510.5,173.9
gpu_smallbin_binsweep,40,64000,512000,6400,286.476,1.05e-07,PASS,5,0.077,0.212,2.088,284.099,2358,529.7,173.9
