section,L_angstrom,bin_edge_A,slabs,overflow_pct,gpu_only_ms,cpu_overflow_only_ms,serial_ms,overlap_ms,ideal_ms,hidden_pct_of_shorter,max_err,check
ladder,20,4.00,8,5.88,0.231,2.002,3.002,2.484,2.002,-999.0,1.32e-07,PASS
ladder,40,4.00,8,6.66,6.015,21.578,25.627,23.702,21.578,32.0,1.21e-07,PASS
ladder,80,4.00,8,6.62,25.948,295.887,357.411,236.001,295.887,467.9,7.86e-08,PASS
edge_sweep,40,3.00,8,0.03,7.809,0.113,9.997,9.768,7.809,-999.0,1.19e-07,PASS
edge_sweep,40,3.25,8,0.33,6.776,1.083,9.962,8.277,6.776,155.5,9.27e-08,PASS
edge_sweep,40,3.50,8,1.12,16.092,3.712,10.819,7.110,16.092,99.9,1.02e-07,PASS
edge_sweep,40,3.75,8,2.94,4.494,9.598,15.990,12.228,9.598,83.7,1.34e-07,PASS
edge_sweep,40,4.00,8,6.66,7.075,25.563,31.162,25.878,25.563,74.7,1.21e-07,PASS
edge_sweep,40,4.50,8,18.28,2.442,91.521,143.732,100.365,91.521,1775.6,7.26e-08,PASS
slab_sweep,40,3.75,1,2.94,4.500,25.242,27.881,18.343,25.242,212.0,1.34e-07,PASS
slab_sweep,40,3.75,2,2.94,4.487,14.790,22.436,18.110,14.790,96.4,1.34e-07,PASS
slab_sweep,40,3.75,4,2.94,11.540,10.684,17.477,12.060,11.540,50.7,1.34e-07,PASS
slab_sweep,40,3.75,8,2.94,9.865,11.264,15.389,13.008,11.264,24.1,1.34e-07,PASS
slab_sweep,40,3.75,16,2.94,4.489,15.402,26.442,16.037,15.402,231.8,1.34e-07,PASS
