experiment,param,variant,ms,ratio
E1,16,constant_same,0.0614,1.000
E1,16,constant_different,0.0635,1.033
E1,16,global_shared_same,0.0635,1.000
E1,16,global_shared_different,0.0671,1.056
E1,32,constant_same,0.1150,1.000
E1,32,constant_different,0.1298,1.129
E1,32,global_shared_same,0.1177,1.000
E1,32,global_shared_different,0.1208,1.027
E1,64,constant_same,0.2083,1.000
E1,64,constant_different,0.2484,1.192
E1,64,global_shared_same,0.2091,1.000
E1,64,global_shared_different,0.2140,1.024
E1,128,constant_same,0.4813,1.000
E1,128,constant_different,0.7206,1.497
E1,128,global_shared_same,0.4831,1.000
E1,128,global_shared_different,0.4833,1.000
E1,256,constant_same,1.0591,1.000
E1,256,constant_different,2.0603,1.945
E1,256,global_shared_same,1.0527,1.000
E1,256,global_shared_different,1.0566,1.004
E1,512,constant_same,1.8708,1.000
E1,512,constant_different,3.8200,2.042
E1,512,global_shared_same,1.7750,1.000
E1,512,global_shared_different,1.7785,1.002
E1,1000,constant_same,5.0949,1.000
E1,1000,constant_different,7.4752,1.467
E1,1000,global_shared_same,3.3166,1.000
E1,1000,global_shared_different,3.8334,1.156
E1,2000,constant_same,12.6960,1.000
E1,2000,constant_different,15.4044,1.213
E1,2000,global_shared_same,6.6150,1.000
E1,2000,global_shared_different,7.7123,1.166
E1,4000,constant_same,28.3911,1.000
E1,4000,constant_different,27.1477,0.956
E1,4000,global_shared_same,15.4685,1.000
E1,4000,global_shared_different,16.2550,1.051
E2,1,constant,2.1602,1.000
E2,1,global,2.4616,1.000
E2,2,constant,4.2787,1.981
E2,2,global,2.9630,1.204
E2,4,constant,6.0580,2.804
E2,4,global,2.5489,1.035
E2,8,constant,16.3360,7.562
E2,8,global,3.3180,1.348
E2,16,constant,31.9729,14.801
E2,16,global,3.4804,1.414
E2,32,constant,48.6254,22.509
E2,32,global,3.1744,1.290
E3,0,soa_3_arrays,2.0128,1.000
E3,1,struct12,1.6931,0.841
E3,2,struct16,2.1634,1.075
