block,chunk,unroll,ms,gpairs_per_s,regs,blocks_per_sm
32,256,1,38.1308,56.3188,25,16
32,256,2,30.4117,70.6136,32,16
32,256,4,28.2092,76.1272,35,16
32,256,8,26.4670,81.1382,52,16
32,512,1,35.6638,60.2146,25,16
32,512,2,28.5348,75.2585,32,16
32,512,4,27.1813,79.0059,35,16
32,512,8,24.9551,86.0538,52,16
32,1024,1,35.4878,60.5132,25,16
32,1024,2,28.2892,75.9118,32,16
32,1024,4,25.9913,82.6232,35,16
32,1024,8,24.6475,87.1278,52,16
32,2048,1,34.7853,61.7354,25,16
32,2048,2,27.7241,77.4592,32,16
32,2048,4,25.4689,84.3180,35,16
32,2048,8,23.7384,90.4647,52,16
32,4096,1,34.4678,62.3040,25,16
32,4096,2,27.4407,78.2591,32,16
32,4096,4,25.1932,85.2407,35,16
32,4096,8,23.6201,90.9175,52,16
64,256,1,150.2963,14.2883,25,16
64,256,2,61.4603,34.9410,32,16
64,256,4,30.1588,71.2058,35,16
64,256,8,25.3460,84.7266,52,16
64,512,1,146.9235,14.6163,25,16
64,512,2,59.6105,36.0253,32,16
64,512,4,29.0140,74.0154,35,16
64,512,8,23.3411,92.0046,52,16
64,1024,1,146.6016,14.6484,25,16
64,1024,2,61.3660,34.9947,32,16
64,1024,4,29.0794,73.8490,35,16
64,1024,8,22.6999,94.6031,52,16
64,2048,1,145.7381,14.7352,25,16
64,2048,2,61.2782,35.0448,32,16
64,2048,4,28.9479,74.1845,35,16
64,2048,8,22.1225,97.0724,52,16
64,4096,1,145.7604,14.7330,25,16
64,4096,2,61.6223,34.8491,32,16
64,4096,4,30.2387,71.0177,35,16
64,4096,8,21.7677,98.6544,52,16
128,256,1,150.8209,14.2386,25,8
128,256,2,72.1838,29.7502,32,8
128,256,4,32.8951,65.2828,35,8
128,256,8,26.1662,82.0708,52,8
128,512,1,148.7820,14.4338,25,8
128,512,2,71.4082,30.0734,32,8
128,512,4,33.4824,64.1376,35,8
128,512,8,23.7097,90.5741,52,8
128,1024,1,147.2609,14.5829,25,8
128,1024,2,68.9830,31.1306,32,8
128,1024,4,33.9579,63.2396,35,8
128,1024,8,23.0359,93.2233,52,8
128,2048,1,146.2601,14.6826,25,8
128,2048,2,68.0407,31.5617,32,8
128,2048,4,35.2443,60.9315,35,8
128,2048,8,22.4857,95.5046,52,8
128,4096,1,145.8049,14.7285,25,8
128,4096,2,67.5220,31.8042,32,8
128,4096,4,35.0363,61.2931,35,8
128,4096,8,21.7395,98.7825,52,8
256,256,1,33.2299,64.6251,25,4
256,256,2,28.1292,76.3436,32,4
256,256,4,29.0447,73.9371,35,4
256,256,8,31.7666,67.6020,52,4
256,512,1,35.8893,59.8364,25,4
256,512,2,28.2931,75.9013,32,4
256,512,4,27.4514,78.2286,35,4
256,512,8,26.2903,81.6836,52,4
256,1024,1,36.3909,59.0115,25,4
256,1024,2,41.6900,51.5108,32,4
256,1024,4,29.9657,71.6647,35,4
256,1024,8,28.1024,76.4163,52,4
256,2048,1,42.2523,50.8253,25,4
256,2048,2,33.1970,64.6890,32,4
256,2048,4,24.0940,89.1292,35,4
256,2048,8,26.1939,81.9840,52,4
256,4096,1,54.9693,39.0670,25,4
256,4096,2,44.3998,48.3669,32,4
256,4096,4,24.4440,87.8532,35,4
256,4096,8,27.6594,77.6404,52,4
512,256,1,37.7999,56.8118,25,2
512,256,2,32.8191,65.4339,32,2
512,256,4,30.8583,69.5918,35,2
512,256,8,31.5658,68.0321,52,2
512,512,1,36.8128,58.3352,25,2
512,512,2,32.4304,66.2182,32,2
512,512,4,29.6858,72.3405,35,2
512,512,8,29.0283,73.9791,52,2
512,1024,1,38.2364,56.1634,25,2
512,1024,2,30.5641,70.2616,32,2
512,1024,4,28.6926,74.8444,35,2
512,1024,8,28.9594,74.1550,52,2
512,2048,1,44.6747,48.0693,25,2
512,2048,2,28.8627,74.4035,32,2
512,2048,4,28.8322,74.4822,35,2
512,2048,8,28.0426,76.5794,52,2
512,4096,1,46.8460,45.8414,25,2
512,4096,2,40.0001,53.6870,32,2
512,4096,4,26.3045,81.6394,35,2
512,4096,8,27.1826,79.0021,52,2
