case,method,trig,iteration,mse,psnr_db,rel_rms_pct,residual,ms
2D,plain adjoint F^H d,accurate,0,3.86055e-02,14.134,79.317,0.0000e+00,11.57
2D,density-compensated adjoint F^H(w d),accurate,0,9.31561e-03,20.308,38.962,0.0000e+00,11.28
2D,plain adjoint F^H d,hardware,0,3.86055e-02,14.134,79.317,0.0000e+00,7.90
2D,density-compensated adjoint F^H(w d),hardware,0,9.31561e-03,20.308,38.962,0.0000e+00,7.63
2D,CG (F^H F + lambda I) x = F^H d,accurate,1,3.86055e-02,14.134,79.317,1.5527e-01,24.45
2D,CG (F^H F + lambda I) x = F^H d,accurate,2,2.63723e-02,15.789,65.556,5.8343e-02,49.44
2D,CG (F^H F + lambda I) x = F^H d,accurate,3,1.89428e-02,17.226,55.560,3.4420e-02,73.77
2D,CG (F^H F + lambda I) x = F^H d,accurate,4,1.32822e-02,18.767,46.524,2.4808e-02,97.97
2D,CG (F^H F + lambda I) x = F^H d,accurate,5,1.05989e-02,19.747,41.560,1.6418e-02,122.15
2D,CG (F^H F + lambda I) x = F^H d,accurate,6,8.18164e-03,20.872,36.514,1.3838e-02,145.96
2D,CG (F^H F + lambda I) x = F^H d,accurate,7,6.56077e-03,21.830,32.698,7.8018e-03,169.89
2D,CG (F^H F + lambda I) x = F^H d,accurate,8,5.49535e-03,22.600,29.925,5.6412e-03,193.83
2D,CG (F^H F + lambda I) x = F^H d,accurate,9,5.03500e-03,22.980,28.644,9.9196e-03,217.88
2D,CG (F^H F + lambda I) x = F^H d,accurate,10,4.81211e-03,23.177,28.003,3.9192e-03,241.86
2D,CG (F^H F + lambda I) x = F^H d,accurate,11,4.61863e-03,23.355,27.435,4.0894e-03,262.70
2D,CG (F^H F + lambda I) x = F^H d,accurate,12,4.38416e-03,23.581,26.729,2.1522e-03,281.12
2D,CG (F^H F + lambda I) x = F^H d,accurate,13,4.19891e-03,23.769,26.158,1.4205e-03,299.68
2D,CG (F^H F + lambda I) x = F^H d,accurate,14,4.10392e-03,23.868,25.861,1.1188e-03,318.47
2D,CG (F^H F + lambda I) x = F^H d,accurate,15,4.05484e-03,23.920,25.706,1.7576e-03,337.60
2D,CG (F^H F + lambda I) x = F^H d,accurate,16,4.04144e-03,23.935,25.663,9.0114e-04,359.06
2D,CG (F^H F + lambda I) x = F^H d,accurate,17,4.00871e-03,23.970,25.559,6.1044e-04,382.11
2D,CG (F^H F + lambda I) x = F^H d,accurate,18,3.97151e-03,24.010,25.440,4.5510e-04,405.59
2D,CG (F^H F + lambda I) x = F^H d,accurate,19,3.94979e-03,24.034,25.370,5.5744e-04,426.06
2D,CG (F^H F + lambda I) x = F^H d,accurate,20,3.93516e-03,24.050,25.323,3.7263e-04,447.00
2D,CG (F^H F + lambda I) x = F^H d,accurate,21,3.91798e-03,24.069,25.268,5.2729e-04,467.96
2D,CG (F^H F + lambda I) x = F^H d,accurate,22,3.91209e-03,24.076,25.249,3.4588e-04,487.32
2D,CG (F^H F + lambda I) x = F^H d,accurate,23,3.89654e-03,24.093,25.199,3.3782e-04,509.89
2D,CG (F^H F + lambda I) x = F^H d,accurate,24,3.88116e-03,24.110,25.149,2.7317e-04,531.05
2D,CG (F^H F + lambda I) x = F^H d,accurate,25,3.86192e-03,24.132,25.087,2.1746e-04,551.70
2D,CG (F^H F + lambda I) x = F^H d,accurate,26,3.83981e-03,24.157,25.015,2.0016e-04,577.26
2D,CG (F^H F + lambda I) x = F^H d,accurate,27,3.82352e-03,24.175,24.962,2.8813e-04,599.02
2D,CG (F^H F + lambda I) x = F^H d,accurate,28,3.81464e-03,24.185,24.933,3.0827e-04,622.10
2D,CG (F^H F + lambda I) x = F^H d,accurate,29,3.80760e-03,24.193,24.910,2.0571e-04,641.98
2D,CG (F^H F + lambda I) x = F^H d,accurate,30,3.79005e-03,24.214,24.852,1.5174e-04,662.78
2D,CG (F^H F + lambda I) x = F^H d,accurate,31,3.77872e-03,24.227,24.815,1.7528e-04,683.68
2D,CG (F^H F + lambda I) x = F^H d,accurate,32,3.76023e-03,24.248,24.754,1.0236e-04,704.13
2D,CG (F^H F + lambda I) x = F^H d,accurate,33,3.74368e-03,24.267,24.700,1.1118e-04,725.04
2D,CG (F^H F + lambda I) x = F^H d,accurate,34,3.73908e-03,24.272,24.684,2.1224e-04,745.31
2D,CG (F^H F + lambda I) x = F^H d,accurate,35,3.72930e-03,24.284,24.652,9.5806e-05,765.16
2D,CG (F^H F + lambda I) x = F^H d,accurate,36,3.71790e-03,24.297,24.614,8.3822e-05,784.74
2D,CG (F^H F + lambda I) x = F^H d,accurate,37,3.70787e-03,24.309,24.581,1.1466e-04,804.30
2D,CG (F^H F + lambda I) x = F^H d,accurate,38,3.70103e-03,24.317,24.558,9.1354e-05,824.22
2D,CG (F^H F + lambda I) x = F^H d,accurate,39,3.69023e-03,24.329,24.523,7.3484e-05,844.04
2D,CG (F^H F + lambda I) x = F^H d,accurate,40,3.68533e-03,24.335,24.506,1.5593e-04,864.71
2D,CG (F^H F + lambda I) x = F^H d,hardware,1,3.86055e-02,14.134,79.317,1.5527e-01,11.90
2D,CG (F^H F + lambda I) x = F^H d,hardware,2,2.63723e-02,15.789,65.556,5.8343e-02,26.32
2D,CG (F^H F + lambda I) x = F^H d,hardware,3,1.89428e-02,17.226,55.560,3.4420e-02,41.93
2D,CG (F^H F + lambda I) x = F^H d,hardware,4,1.32821e-02,18.767,46.524,2.4808e-02,57.03
2D,CG (F^H F + lambda I) x = F^H d,hardware,5,1.05989e-02,19.747,41.560,1.6418e-02,71.79
2D,CG (F^H F + lambda I) x = F^H d,hardware,6,8.18148e-03,20.872,36.514,1.3838e-02,86.61
2D,CG (F^H F + lambda I) x = F^H d,hardware,7,6.56139e-03,21.830,32.699,7.8113e-03,100.83
2D,CG (F^H F + lambda I) x = F^H d,hardware,8,5.51207e-03,22.587,29.971,7.2494e-03,115.58
2D,CG (F^H F + lambda I) x = F^H d,hardware,9,5.35672e-03,22.711,29.545,7.2628e-03,130.43
2D,CG (F^H F + lambda I) x = F^H d,hardware,10,4.81445e-03,23.175,28.010,3.8173e-03,145.70
2D,CG (F^H F + lambda I) x = F^H d,hardware,11,4.61851e-03,23.355,27.434,4.0853e-03,160.19
2D,CG (F^H F + lambda I) x = F^H d,hardware,12,4.38405e-03,23.581,26.729,2.1522e-03,174.65
2D,CG (F^H F + lambda I) x = F^H d,hardware,13,4.19877e-03,23.769,26.158,1.4205e-03,189.04
2D,CG (F^H F + lambda I) x = F^H d,hardware,14,4.10384e-03,23.868,25.860,1.1239e-03,203.12
2D,CG (F^H F + lambda I) x = F^H d,hardware,15,4.05821e-03,23.917,25.716,1.9499e-03,217.20
2D,CG (F^H F + lambda I) x = F^H d,hardware,16,4.04151e-03,23.935,25.663,8.7755e-04,230.58
2D,CG (F^H F + lambda I) x = F^H d,hardware,17,4.00853e-03,23.970,25.558,6.1013e-04,245.08
2D,CG (F^H F + lambda I) x = F^H d,hardware,18,3.97117e-03,24.011,25.439,4.4672e-04,259.39
2D,CG (F^H F + lambda I) x = F^H d,hardware,19,3.94639e-03,24.038,25.359,5.0093e-04,272.98
2D,CG (F^H F + lambda I) x = F^H d,hardware,20,3.93403e-03,24.052,25.320,3.9335e-04,287.17
2D,CG (F^H F + lambda I) x = F^H d,hardware,21,3.91474e-03,24.073,25.258,3.5260e-04,302.04
2D,CG (F^H F + lambda I) x = F^H d,hardware,22,3.90954e-03,24.079,25.241,4.5090e-04,317.39
2D,CG (F^H F + lambda I) x = F^H d,hardware,23,3.89129e-03,24.099,25.182,2.7475e-04,330.53
2D,CG (F^H F + lambda I) x = F^H d,hardware,24,3.87200e-03,24.121,25.119,2.7735e-04,343.36
2D,CG (F^H F + lambda I) x = F^H d,hardware,25,3.85987e-03,24.134,25.080,2.5057e-04,357.03
2D,CG (F^H F + lambda I) x = F^H d,hardware,26,3.84013e-03,24.157,25.016,2.1584e-04,370.40
2D,CG (F^H F + lambda I) x = F^H d,hardware,27,3.82773e-03,24.171,24.975,2.6266e-04,383.76
2D,CG (F^H F + lambda I) x = F^H d,hardware,28,3.81053e-03,24.190,24.919,1.9367e-04,397.15
2D,CG (F^H F + lambda I) x = F^H d,hardware,29,3.80432e-03,24.197,24.899,3.3162e-04,409.29
2D,CG (F^H F + lambda I) x = F^H d,hardware,30,3.78873e-03,24.215,24.848,1.3679e-04,422.82
2D,CG (F^H F + lambda I) x = F^H d,hardware,31,3.77155e-03,24.235,24.791,1.8550e-04,436.05
2D,CG (F^H F + lambda I) x = F^H d,hardware,32,3.75948e-03,24.249,24.752,1.0632e-04,448.22
2D,CG (F^H F + lambda I) x = F^H d,hardware,33,3.74309e-03,24.268,24.698,1.0479e-04,460.36
2D,CG (F^H F + lambda I) x = F^H d,hardware,34,3.73026e-03,24.283,24.655,1.1339e-04,473.18
2D,CG (F^H F + lambda I) x = F^H d,hardware,35,3.72750e-03,24.286,24.646,1.5129e-04,485.86
2D,CG (F^H F + lambda I) x = F^H d,hardware,36,3.71727e-03,24.298,24.612,8.3190e-05,499.22
2D,CG (F^H F + lambda I) x = F^H d,hardware,37,3.70611e-03,24.311,24.575,1.0470e-04,512.43
2D,CG (F^H F + lambda I) x = F^H d,hardware,38,3.69977e-03,24.318,24.554,9.8447e-05,525.67
2D,CG (F^H F + lambda I) x = F^H d,hardware,39,3.68952e-03,24.330,24.520,7.1386e-05,538.11
2D,CG (F^H F + lambda I) x = F^H d,hardware,40,3.67961e-03,24.342,24.487,7.3449e-05,550.42
3D,plain adjoint F^H d,accurate,0,3.83415e-02,14.163,87.579,0.0000e+00,39.37
3D,density-compensated adjoint F^H(w d),accurate,0,2.44709e-02,16.114,69.967,0.0000e+00,38.52
3D,plain adjoint F^H d,hardware,0,3.83415e-02,14.163,87.579,0.0000e+00,40.42
3D,density-compensated adjoint F^H(w d),hardware,0,2.44709e-02,16.114,69.967,0.0000e+00,38.94
3D,CG (F^H F + lambda I) x = F^H d,accurate,1,3.83415e-02,14.163,87.579,9.0925e-02,85.67
3D,CG (F^H F + lambda I) x = F^H d,accurate,2,3.08003e-02,15.114,78.495,3.6874e-02,168.89
3D,CG (F^H F + lambda I) x = F^H d,accurate,3,2.89367e-02,15.386,76.084,1.5920e-02,258.52
3D,CG (F^H F + lambda I) x = F^H d,accurate,4,2.50964e-02,16.004,70.855,8.3135e-03,347.82
3D,CG (F^H F + lambda I) x = F^H d,accurate,5,2.24260e-02,16.492,66.980,7.4859e-03,434.93
3D,CG (F^H F + lambda I) x = F^H d,accurate,6,2.03028e-02,16.924,63.730,7.4449e-03,526.10
3D,CG (F^H F + lambda I) x = F^H d,accurate,7,2.01670e-02,16.954,63.517,5.5295e-03,616.48
3D,CG (F^H F + lambda I) x = F^H d,accurate,8,1.88270e-02,17.252,61.370,4.0086e-03,704.18
3D,CG (F^H F + lambda I) x = F^H d,accurate,9,1.84229e-02,17.346,60.708,3.8073e-03,793.49
3D,CG (F^H F + lambda I) x = F^H d,accurate,10,1.80468e-02,17.436,60.085,2.8085e-03,881.99
3D,CG (F^H F + lambda I) x = F^H d,accurate,11,1.76090e-02,17.543,59.352,2.5276e-03,971.73
3D,CG (F^H F + lambda I) x = F^H d,accurate,12,1.72668e-02,17.628,58.772,3.9730e-03,1059.83
3D,CG (F^H F + lambda I) x = F^H d,accurate,13,1.72261e-02,17.638,58.703,1.2553e-03,1146.62
3D,CG (F^H F + lambda I) x = F^H d,accurate,14,1.69247e-02,17.715,58.187,8.2246e-04,1234.93
3D,CG (F^H F + lambda I) x = F^H d,accurate,15,1.67728e-02,17.754,57.926,7.9370e-04,1322.53
3D,CG (F^H F + lambda I) x = F^H d,accurate,16,1.66645e-02,17.782,57.738,8.1013e-04,1410.90
3D,CG (F^H F + lambda I) x = F^H d,accurate,17,1.66554e-02,17.784,57.722,8.8031e-04,1498.94
3D,CG (F^H F + lambda I) x = F^H d,accurate,18,1.66277e-02,17.792,57.674,7.4210e-04,1587.08
3D,CG (F^H F + lambda I) x = F^H d,accurate,19,1.65707e-02,17.807,57.575,5.1867e-04,1674.46
3D,CG (F^H F + lambda I) x = F^H d,accurate,20,1.65013e-02,17.825,57.455,5.2593e-04,1763.07
3D,CG (F^H F + lambda I) x = F^H d,accurate,21,1.64605e-02,17.836,57.384,4.1164e-04,1850.85
3D,CG (F^H F + lambda I) x = F^H d,accurate,22,1.64439e-02,17.840,57.355,1.0133e-03,1939.16
3D,CG (F^H F + lambda I) x = F^H d,accurate,23,1.64150e-02,17.848,57.304,3.3341e-04,2028.40
3D,CG (F^H F + lambda I) x = F^H d,accurate,24,1.63852e-02,17.855,57.252,2.8755e-04,2115.94
3D,CG (F^H F + lambda I) x = F^H d,accurate,25,1.63477e-02,17.865,57.187,4.2698e-04,2203.38
3D,CG (F^H F + lambda I) x = F^H d,hardware,1,3.83415e-02,14.163,87.579,9.0925e-02,73.35
3D,CG (F^H F + lambda I) x = F^H d,hardware,2,3.08003e-02,15.114,78.495,3.6874e-02,146.52
3D,CG (F^H F + lambda I) x = F^H d,hardware,3,2.89367e-02,15.386,76.084,1.5920e-02,225.85
3D,CG (F^H F + lambda I) x = F^H d,hardware,4,2.50964e-02,16.004,70.855,8.3136e-03,302.34
3D,CG (F^H F + lambda I) x = F^H d,hardware,5,2.24250e-02,16.493,66.978,7.4884e-03,377.46
3D,CG (F^H F + lambda I) x = F^H d,hardware,6,2.03406e-02,16.916,63.789,8.4846e-03,450.56
3D,CG (F^H F + lambda I) x = F^H d,hardware,7,2.01693e-02,16.953,63.520,5.2086e-03,525.94
3D,CG (F^H F + lambda I) x = F^H d,hardware,8,1.88271e-02,17.252,61.370,4.0069e-03,600.15
3D,CG (F^H F + lambda I) x = F^H d,hardware,9,1.84225e-02,17.347,60.707,3.8072e-03,676.57
3D,CG (F^H F + lambda I) x = F^H d,hardware,10,1.80467e-02,17.436,60.085,2.8090e-03,751.99
3D,CG (F^H F + lambda I) x = F^H d,hardware,11,1.76088e-02,17.543,59.352,2.5253e-03,827.02
3D,CG (F^H F + lambda I) x = F^H d,hardware,12,1.72597e-02,17.630,58.760,3.4985e-03,902.31
3D,CG (F^H F + lambda I) x = F^H d,hardware,13,1.72257e-02,17.638,58.702,1.2742e-03,975.05
3D,CG (F^H F + lambda I) x = F^H d,hardware,14,1.69246e-02,17.715,58.187,8.2245e-04,1047.67
3D,CG (F^H F + lambda I) x = F^H d,hardware,15,1.67728e-02,17.754,57.925,7.9236e-04,1121.06
3D,CG (F^H F + lambda I) x = F^H d,hardware,16,1.66617e-02,17.783,57.733,6.1014e-04,1194.28
3D,CG (F^H F + lambda I) x = F^H d,hardware,17,1.66433e-02,17.788,57.701,1.2178e-03,1266.33
3D,CG (F^H F + lambda I) x = F^H d,hardware,18,1.66128e-02,17.796,57.648,8.1095e-04,1337.23
3D,CG (F^H F + lambda I) x = F^H d,hardware,19,1.65697e-02,17.807,57.574,5.3687e-04,1411.34
3D,CG (F^H F + lambda I) x = F^H d,hardware,20,1.65012e-02,17.825,57.455,5.2638e-04,1483.70
3D,CG (F^H F + lambda I) x = F^H d,hardware,21,1.64604e-02,17.836,57.383,3.9784e-04,1557.42
3D,CG (F^H F + lambda I) x = F^H d,hardware,22,1.64181e-02,17.847,57.310,4.5766e-04,1632.86
3D,CG (F^H F + lambda I) x = F^H d,hardware,23,1.64137e-02,17.848,57.302,4.5667e-04,1705.39
3D,CG (F^H F + lambda I) x = F^H d,hardware,24,1.63850e-02,17.856,57.252,2.8488e-04,1778.07
3D,CG (F^H F + lambda I) x = F^H d,hardware,25,1.63420e-02,17.867,57.177,3.3344e-04,1852.60
