label,t_ms,gpu_util_pct,mem_util_pct,sm_clock_mhz,mem_clock_mhz,temp_c,power_w,mem_used_mib
starvation,0.1,50,2,1350,6000,79,17.91,285.5
starvation,34.6,50,2,1350,6000,79,17.91,285.5
starvation,60.7,50,2,1350,6000,79,17.91,285.5
starvation,84.5,50,2,1350,6000,79,21.25,285.5
starvation,109.5,50,2,1350,6000,79,21.25,285.5
starvation,134.0,50,2,1350,6000,79,21.25,285.5
starvation,161.4,50,2,1350,6000,79,21.25,285.5
starvation,185.7,50,2,1350,6000,79,22.02,285.5
starvation,209.3,50,2,1350,6000,79,22.02,285.5
starvation,233.9,50,2,1350,6000,79,22.02,285.5
starvation,259.5,50,2,1350,6000,79,22.02,285.5
starvation,284.8,50,2,1350,6000,79,21.58,285.5
starvation,309.8,50,2,1350,6000,79,21.58,285.5
starvation,334.1,30,1,1350,6000,79,21.58,285.5
starvation,358.5,30,1,1350,6000,80,21.58,285.5
starvation,385.7,30,1,1350,6000,80,22.11,285.5
starvation,409.3,30,1,1350,6000,80,22.11,285.5
starvation,433.4,30,1,1350,6000,80,22.11,285.5
starvation,457.8,30,1,1350,6000,80,22.11,285.5
starvation,483.8,30,1,1350,6000,80,22.50,285.5
starvation,509.5,30,1,1350,6000,80,22.50,285.5
starvation,533.3,30,1,1350,6000,80,22.50,285.5
starvation,557.5,30,1,1350,6000,80,22.50,285.5
starvation,582.9,30,1,1350,6000,80,22.14,285.5
starvation,607.5,30,1,1350,6000,80,22.14,285.5
starvation,632.5,30,1,1350,6000,80,22.14,285.5
starvation,656.3,30,1,1350,6000,80,22.14,285.5
starvation,680.0,30,1,1350,6000,80,22.14,285.5
starvation,705.8,30,1,1350,6000,80,22.55,285.5
starvation,729.2,30,1,1350,6000,80,22.55,285.5
starvation,752.7,30,1,1350,6000,80,22.55,285.5
starvation,776.2,30,1,1350,6000,80,22.55,285.5
starvation,799.7,30,1,1350,6000,80,23.09,285.5
starvation,826.2,30,1,1350,6000,81,23.09,285.5
starvation,850.6,30,1,1350,6000,81,23.09,285.5
starvation,874.4,30,1,1350,6000,81,23.09,285.5
starvation,898.5,30,1,1350,6000,81,22.68,285.5
starvation,923.1,30,1,1350,6000,81,22.68,285.5
starvation,950.2,30,1,1350,6000,81,22.68,285.5
starvation,976.3,30,1,1350,6000,81,22.68,285.5
starvation,1002.6,30,1,1350,6000,81,22.73,285.5
starvation,1028.5,30,1,1350,6000,81,22.73,285.5
starvation,1052.9,30,1,1350,6000,81,22.73,285.5
starvation,1081.3,30,1,1350,6000,81,22.73,285.5
starvation,1109.6,30,1,1350,6000,81,21.98,285.5
starvation,1134.5,30,1,1350,6000,81,21.98,285.5
starvation,1159.5,30,1,1350,6000,81,21.98,285.5
starvation,1185.9,30,1,1350,6000,81,21.98,285.5
starvation,1213.2,30,1,1350,6000,81,21.98,285.5
starvation,1237.0,30,1,1350,6000,81,22.42,285.5
starvation,1260.8,30,1,1350,6000,81,22.42,285.5
starvation,1285.9,30,1,1350,6000,81,22.42,285.5
starvation,1311.0,30,1,1350,6000,81,22.42,285.5
starvation,1335.2,30,1,1350,6000,81,23.07,285.5
starvation,1360.2,30,1,1350,6000,81,23.07,285.5
starvation,1385.6,77,3,1350,6000,81,23.07,285.5
starvation,1415.8,77,3,1350,6000,81,23.07,285.5
starvation,1440.7,77,3,1350,6000,81,18.09,285.5
starvation,1468.7,77,3,1350,6000,81,18.09,285.5
starvation,1494.6,77,3,1350,6000,81,18.09,285.5
starvation,1524.3,77,3,1350,6000,81,18.09,285.5
starvation,1549.8,77,3,1350,6000,81,17.34,285.5
starvation,1575.7,77,3,1350,6000,81,17.34,285.5
starvation,1601.3,77,3,1350,6000,81,17.34,285.5
starvation,1629.4,77,3,1350,6000,81,17.34,285.5
starvation,1657.6,77,3,1350,6000,81,18.20,285.5
starvation,1683.9,77,3,1350,6000,81,18.20,285.5
starvation,1708.1,77,3,1350,6000,81,18.20,285.5
starvation,1732.4,77,3,1350,6000,81,18.20,285.5
starvation,1758.1,77,3,1350,6000,81,18.20,285.5
starvation,1784.2,77,3,1350,6000,81,23.85,285.5
starvation,1811.9,77,3,1350,6000,81,23.85,285.5
starvation,1836.6,77,3,1350,6000,81,23.85,285.5
starvation,1862.5,77,3,1350,6000,81,23.85,285.5
starvation,1888.2,77,3,1350,6000,81,24.09,285.5
starvation,1915.6,77,3,1350,6000,81,24.09,285.5
starvation,1943.2,77,3,1350,6000,81,24.09,285.5
starvation,1969.2,77,3,1350,6000,81,24.09,285.5
starvation,1993.9,77,3,1350,6000,81,24.06,285.5
starvation,2018.2,77,3,1350,6000,81,24.06,285.5
starvation,2045.1,77,3,1350,6000,81,24.06,285.5
starvation,2071.2,77,3,1350,6000,81,24.06,285.5
starvation,2096.5,77,3,1350,6000,81,24.06,285.5
starvation,2121.5,77,3,1350,6000,81,23.86,285.5
starvation,2145.7,77,3,1350,6000,81,23.86,285.5
starvation,2169.5,77,3,1350,6000,81,23.86,285.5
starvation,2193.6,77,3,1350,6000,81,23.86,285.5
starvation,2217.8,77,3,1350,6000,81,24.12,285.5
starvation,2243.9,77,3,1350,6000,81,24.12,285.5
starvation,2267.9,77,3,1350,6000,81,24.12,285.5
starvation,2291.6,77,3,1350,6000,81,24.12,285.5
starvation,2315.9,77,3,1350,6000,81,23.97,285.5
starvation,2341.0,77,3,1350,6000,81,23.97,285.5
starvation,2366.7,77,3,1350,6000,81,23.97,285.5
starvation,2390.4,77,3,1350,6000,81,23.97,285.5
starvation,2413.9,77,3,1350,6000,81,24.14,285.5
starvation,2438.3,77,3,1350,6000,81,24.14,285.5
starvation,2463.5,69,3,1350,6000,81,24.14,285.5
starvation,2491.2,69,3,1350,6000,81,24.14,285.5
starvation,2516.0,69,3,1350,6000,81,23.65,285.5
starvation,2539.7,69,3,1350,6000,81,23.65,285.5
starvation,2565.7,69,3,1350,6000,81,23.65,285.5
starvation,2589.7,69,3,1350,6000,81,23.65,285.5
starvation,2613.6,69,3,1350,6000,81,24.05,285.5
starvation,2637.4,69,3,1350,6000,81,24.05,285.5
starvation,2661.1,69,3,1350,6000,81,24.05,285.5
starvation,2689.2,69,3,1350,6000,81,24.05,285.5
starvation,2713.9,69,3,1350,6000,81,24.06,285.5
starvation,2737.6,69,3,1350,6000,81,24.06,285.5
starvation,2761.2,69,3,1350,6000,81,24.06,285.5
starvation,2786.5,69,3,1350,6000,82,24.06,285.5
starvation,2811.3,69,3,1350,6000,82,24.07,285.5
starvation,2837.6,69,3,1350,6000,82,24.07,285.5
starvation,2861.8,69,3,1350,6000,82,24.07,285.5
starvation,2890.1,69,3,1350,6000,82,24.07,285.5
starvation,2913.8,69,3,1350,6000,82,23.21,285.5
starvation,2937.9,69,3,1350,6000,82,23.21,285.5
starvation,2961.2,69,3,1350,6000,82,23.21,285.5
starvation,2984.8,69,3,1350,6000,82,23.21,285.5
starvation,3011.2,69,3,1350,6000,82,18.40,285.5
starvation,3035.8,69,3,1350,6000,82,18.40,285.5
starvation,3059.1,69,3,1350,6000,82,18.40,285.5
starvation,3082.5,69,3,1350,6000,82,18.40,285.5
starvation,3107.4,69,3,1350,6000,82,17.43,285.5
starvation,3131.4,69,3,1350,6000,82,17.43,285.5
starvation,3154.7,69,3,1350,6000,82,17.43,285.5
starvation,3178.1,69,3,1350,6000,82,17.43,285.5
starvation,3202.6,69,3,1350,6000,82,17.43,285.5
starvation,3227.7,69,3,1350,6000,82,17.35,285.5
starvation,3251.7,69,3,1350,6000,80,17.35,285.5
starvation,3276.3,69,3,1350,6000,80,17.35,285.5
starvation,3300.4,69,3,1350,6000,80,17.35,285.5
starvation,3324.7,69,3,1350,6000,80,19.81,285.5
starvation,3351.4,69,3,1350,6000,80,19.81,285.5
starvation,3376.1,69,3,1350,6000,80,19.81,285.5
starvation,3400.1,69,3,1350,6000,80,19.81,285.5
starvation,3425.1,69,3,1350,6000,80,20.31,285.5
starvation,3450.8,69,3,1350,6000,80,20.31,285.5
starvation,3475.2,52,2,1350,6000,80,20.31,285.5
starvation,3500.2,52,2,1350,6000,80,20.31,285.5
starvation,3524.4,52,2,1350,6000,80,20.23,285.5
starvation,3551.0,52,2,1350,6000,80,20.23,285.5
starvation,3575.0,52,2,1350,6000,80,20.23,285.5
starvation,3599.7,52,2,1350,6000,80,20.23,285.5
starvation,3623.9,52,2,1350,6000,80,20.46,285.5
starvation,3648.3,52,2,1350,6000,80,20.46,285.5
starvation,3673.6,52,2,1350,6000,80,20.46,285.5
starvation,3697.6,52,2,1350,6000,80,20.46,285.5
starvation,3721.6,52,2,1350,6000,80,20.27,285.5
starvation,3746.2,52,2,1350,6000,80,20.27,285.5
starvation,3769.8,52,2,1350,6000,80,20.27,285.5
starvation,3794.3,52,2,1350,6000,80,20.27,285.5
starvation,3818.4,52,2,1350,6000,80,20.26,285.5
starvation,3842.0,52,2,1350,6000,80,20.26,285.5
starvation,3865.4,52,2,1350,6000,80,20.26,285.5
starvation,3889.3,52,2,1350,6000,80,20.26,285.5
starvation,3915.3,52,2,1350,6000,80,20.47,285.5
starvation,3939.0,52,2,1350,6000,80,20.47,285.5
starvation,3962.6,52,2,1350,6000,80,20.47,285.5
starvation,3986.3,52,2,1350,6000,80,20.47,285.5
starvation,4009.7,52,2,1350,6000,80,20.47,285.5
starvation,4036.0,52,2,1350,6000,80,20.28,285.5
starvation,4059.9,52,2,1350,6000,80,20.28,285.5
starvation,4083.6,52,2,1350,6000,80,20.28,285.5
starvation,4107.5,52,2,1350,6000,80,20.28,285.5
starvation,4131.5,52,2,1350,6000,80,20.27,285.5
starvation,4157.0,52,2,1350,6000,80,20.27,285.5
starvation,4181.1,52,2,1350,6000,80,20.27,285.5
starvation,4206.4,52,2,1350,6000,80,20.27,285.5
starvation,4230.4,52,2,1350,6000,80,20.30,285.5
starvation,4256.1,52,2,1350,6000,80,20.30,285.5
starvation,4279.8,52,2,1350,6000,80,20.30,285.5
starvation,4303.3,52,2,1350,6000,80,20.30,285.5
starvation,4327.3,52,2,1350,6000,80,20.47,285.5
starvation,4351.1,52,2,1350,6000,80,20.47,285.5
starvation,4376.6,52,2,1350,6000,80,20.47,285.5
starvation,4400.9,52,2,1350,6000,80,20.47,285.5
starvation,4424.4,52,2,1350,6000,80,20.26,285.5
starvation,4448.2,52,2,1350,6000,80,20.26,285.5
starvation,4471.6,40,2,1350,6000,80,20.26,285.5
starvation,4498.1,40,2,1350,6000,80,20.26,285.5
starvation,4521.7,40,2,1350,6000,80,17.98,285.5
starvation,4545.6,40,2,1350,6000,80,17.98,285.5
starvation,4569.3,40,2,1350,6000,80,17.98,285.5
starvation,4595.8,40,2,1350,6000,80,17.98,285.5
starvation,4620.3,40,2,1350,6000,80,17.28,285.5
starvation,4644.8,40,2,1350,6000,79,17.28,285.5
starvation,4669.1,40,2,1350,6000,79,17.28,285.5
starvation,4692.6,40,2,1350,6000,79,17.28,285.5
starvation,4717.6,40,2,1350,6000,79,17.28,285.5
starvation,4740.7,40,2,1350,6000,79,17.24,285.5
starvation,4764.5,40,2,1350,6000,79,17.24,285.5
starvation,4788.4,40,2,1350,6000,79,17.24,285.5
starvation,4811.9,40,2,1350,6000,79,17.24,285.5
starvation,4836.0,40,2,1350,6000,79,21.52,285.5
starvation,4860.6,40,2,1350,6000,79,21.52,285.5
starvation,4886.5,40,2,1350,6000,79,21.52,285.5
starvation,4913.2,40,2,1350,6000,79,21.52,285.5
starvation,4940.5,40,2,1350,6000,79,21.99,285.5
starvation,4965.4,40,2,1350,6000,79,21.99,285.5
starvation,4989.7,40,2,1350,6000,79,21.99,285.5
starvation,5014.2,40,2,1350,6000,79,21.99,285.5
starvation,5039.4,40,2,1350,6000,79,22.77,285.5
starvation,5064.2,40,2,1350,6000,79,22.77,285.5
starvation,5088.7,40,2,1350,6000,79,22.77,285.5
starvation,5113.2,40,2,1350,6000,81,22.77,285.5
starvation,5141.2,40,2,1350,6000,81,22.84,285.5
starvation,5165.8,40,2,1350,6000,81,22.84,285.5
starvation,5190.8,40,2,1350,6000,81,22.84,285.5
starvation,5215.4,40,2,1350,6000,81,22.84,285.5
starvation,5241.7,40,2,1350,6000,81,22.87,285.5
starvation,5266.2,40,2,1350,6000,81,22.87,285.5
starvation,5291.1,40,2,1350,6000,81,22.87,285.5
starvation,5315.6,40,2,1350,6000,81,22.87,285.5
starvation,5340.7,40,2,1350,6000,81,22.66,285.5
starvation,5364.5,40,2,1350,6000,81,22.66,285.5
starvation,5388.2,40,2,1350,6000,81,22.66,285.5
starvation,5412.0,40,2,1350,6000,81,22.66,285.5
starvation,5436.4,40,2,1350,6000,81,22.84,285.5
starvation,5462.0,40,2,1350,6000,81,22.84,285.5
starvation,5487.2,62,2,1350,6000,81,22.84,285.5
starvation,5511.9,62,2,1350,6000,81,22.84,285.5
starvation,5537.4,62,2,1350,6000,81,23.09,285.5
starvation,5563.0,62,2,1350,6000,81,23.09,285.5
starvation,5587.6,62,2,1350,6000,81,23.09,285.5
starvation,5613.1,62,2,1350,6000,81,23.09,285.5
starvation,5637.6,62,2,1350,6000,81,22.67,285.5
starvation,5662.8,62,2,1350,6000,81,22.67,285.5
starvation,5686.6,62,2,1350,6000,81,22.67,285.5
starvation,5710.6,62,2,1350,6000,81,22.67,285.5
starvation,5735.1,62,2,1350,6000,81,22.85,285.5
starvation,5759.4,62,2,1350,6000,81,22.85,285.5
starvation,5786.2,62,2,1350,6000,81,22.85,285.5
starvation,5810.3,62,2,1350,6000,81,22.85,285.5
starvation,5834.8,62,2,1350,6000,81,22.88,285.5
starvation,5858.6,62,2,1350,6000,81,22.88,285.5
starvation,5883.9,62,2,1350,6000,81,22.88,285.5
starvation,5907.4,62,2,1350,6000,81,22.88,285.5
starvation,5931.2,62,2,1350,6000,81,23.12,285.5
starvation,5955.1,62,2,1350,6000,81,23.12,285.5
starvation,5978.5,62,2,1350,6000,81,23.12,285.5
starvation,6006.8,62,2,1350,6000,81,23.12,285.5
starvation,6030.6,62,2,1350,6000,81,19.05,285.5
starvation,6054.2,62,2,1350,6000,80,19.05,285.5
starvation,6078.5,62,2,1350,6000,80,19.05,285.5
starvation,6102.8,62,2,1350,6000,80,19.05,285.5
starvation,6130.7,62,2,1350,6000,80,17.39,285.5
starvation,6157.1,62,2,1350,6000,80,17.39,285.5
starvation,6181.4,62,2,1350,6000,80,17.39,285.5
starvation,6208.8,62,2,1350,6000,80,17.39,285.5
starvation,6235.8,62,2,1350,6000,80,17.32,285.5
starvation,6262.5,62,2,1350,6000,80,17.32,285.5
starvation,6288.9,62,2,1350,6000,80,17.32,285.5
starvation,6312.3,62,2,1350,6000,80,17.32,285.5
starvation,6335.7,62,2,1350,6000,80,17.45,285.5
starvation,6359.1,62,2,1350,6000,80,17.45,285.5
starvation,6382.7,62,2,1350,6000,80,17.45,285.5
starvation,6408.3,62,2,1350,6000,80,17.45,285.5
starvation,6431.9,62,2,1350,6000,80,17.53,285.5
starvation,6455.8,62,2,1350,6000,80,17.53,285.5
starvation,6480.2,42,2,1350,6000,80,17.53,285.5
starvation,6504.1,42,2,1350,6000,79,17.53,285.5
starvation,6531.1,42,2,1350,6000,79,17.59,285.5
starvation,6555.1,42,2,1350,6000,79,17.59,285.5
starvation,6578.9,42,2,1350,6000,79,17.59,285.5
starvation,6602.7,42,2,1350,6000,79,17.59,285.5
starvation,6626.5,42,2,1350,6000,79,17.58,285.5
starvation,6652.1,42,2,1350,6000,79,17.58,285.5
starvation,6675.9,42,2,1350,6000,79,17.58,285.5
starvation,6700.1,42,2,1350,6000,79,17.58,285.5
starvation,6723.9,42,2,1350,6000,79,17.58,285.5
starvation,6751.3,42,2,1350,6000,79,17.52,285.5
starvation,6775.4,42,2,1350,6000,79,17.52,285.5
starvation,6800.5,42,2,1350,6000,79,17.52,285.5
starvation,6824.6,42,2,1350,6000,79,17.52,285.5
starvation,6850.7,42,2,1350,6000,79,17.46,285.5
starvation,6875.5,42,2,1350,6000,79,17.46,285.5
starvation,6899.3,42,2,1350,6000,79,17.46,285.5
starvation,6923.9,42,2,1350,6000,79,17.46,285.5
starvation,6948.1,42,2,1350,6000,79,17.51,285.5
starvation,6974.3,42,2,1350,6000,79,17.51,285.5
starvation,7002.1,42,2,1350,6000,79,17.51,285.5
starvation,7026.1,42,2,1350,6000,79,17.51,285.5
starvation,7065.1,42,2,1350,6000,79,17.52,285.5
starvation,7089.3,42,2,1350,6000,79,17.52,285.5
starvation,7118.6,42,2,1350,6000,79,17.52,285.5
starvation,7142.8,42,2,1350,6000,79,17.49,285.5
starvation,7167.3,42,2,1350,6000,79,17.49,285.5
starvation,7193.1,42,2,1350,6000,79,17.49,285.5
starvation,7217.5,42,2,1350,6000,79,17.49,285.5
starvation,7241.7,42,2,1350,6000,79,17.49,285.5
starvation,7266.2,42,2,1350,6000,79,17.49,285.5
starvation,7290.2,42,2,1350,6000,79,17.49,285.5
starvation,7315.6,42,2,1350,6000,79,17.49,285.5
starvation,7339.4,42,2,1350,6000,79,17.47,285.5
starvation,7363.9,42,2,1350,6000,79,17.47,285.5
starvation,7387.8,42,2,1350,6000,79,17.47,285.5
starvation,7411.6,42,2,1350,6000,79,17.47,285.5
starvation,7436.3,42,2,1350,6000,79,17.48,285.5
starvation,7461.3,42,2,1350,6000,79,17.48,285.5
starvation,7485.4,7,0,1350,6000,79,17.48,285.5
starvation,7508.7,7,0,1350,6000,79,17.48,285.5
starvation,7531.8,7,0,1350,6000,79,17.21,285.5
starvation,7557.3,7,0,1350,6000,79,17.21,285.5
starvation,7581.9,7,0,1350,6000,79,17.21,285.5
starvation,7605.5,7,0,1350,6000,79,17.21,285.5
starvation,7629.0,7,0,1350,6000,79,17.21,285.5
starvation,7652.7,7,0,1350,6000,79,17.11,285.5
starvation,7678.1,7,0,1350,6000,79,17.11,285.5
starvation,7702.1,7,0,495,810,79,17.11,285.5
starvation,7728.0,7,0,495,810,79,17.11,285.5
starvation,7752.1,7,0,495,810,79,14.55,285.5
starvation,7778.0,7,0,495,810,79,14.55,285.5
starvation,7802.4,7,0,495,810,79,14.55,285.5
starvation,7827.5,7,0,495,810,79,14.55,285.5
starvation,7852.1,7,0,495,810,79,12.75,285.5
starvation,7878.1,7,0,495,810,79,12.75,285.5
starvation,7902.4,7,0,495,810,77,13.45,285.5
starvation,8002.1,7,0,855,810,77,13.45,285.5
starvation,8026.4,7,0,855,810,77,13.45,285.5
starvation,8051.0,7,0,855,810,77,13.71,285.5
starvation,8075.4,7,0,855,810,77,13.71,285.5
starvation,8101.9,7,0,1350,6000,77,13.71,285.5
starvation,8137.7,7,0,1350,6000,77,13.71,285.5
starvation,8165.6,7,0,1350,6000,77,20.22,285.5
starvation,8189.0,7,0,1350,6000,77,20.22,285.5
starvation,8212.4,7,0,1350,6000,77,20.22,285.5
starvation,8236.4,7,0,1350,6000,77,20.22,285.5
starvation,8260.1,7,0,1350,6000,77,33.81,285.5
starvation,8286.2,7,0,1350,6000,77,33.81,285.5
starvation,8309.7,7,0,1350,6000,77,33.81,285.5
starvation,8333.7,7,0,1350,6000,77,33.81,285.5
starvation,8357.3,7,0,1350,6000,77,34.28,285.5
starvation,8380.8,7,0,1350,6000,77,34.28,285.5
starvation,8407.2,7,0,1350,6000,77,34.28,285.5
starvation,8430.9,7,0,1350,6000,81,34.28,285.5
starvation,8455.6,7,0,1350,6000,81,34.21,285.5
starvation,8479.4,7,0,1350,6000,81,34.21,285.5
starvation,8508.0,62,57,1350,6000,81,33.38,285.5
starvation,8601.3,62,57,1350,6000,81,33.38,285.5
starvation,8629.2,62,57,1350,6000,81,33.38,285.5
starvation,8653.7,62,57,1350,6000,81,32.44,285.5
starvation,8678.5,62,57,1350,6000,81,32.44,285.5
starvation,8704.8,62,57,1350,6000,81,32.44,285.5
starvation,8735.0,62,57,1350,6000,81,32.44,285.5
starvation,8759.2,62,57,1350,6000,81,32.18,285.5
starvation,8783.3,62,57,1350,6000,81,32.18,285.5
starvation,8810.3,62,57,1350,6000,81,32.18,285.5
starvation,8834.2,62,57,1350,6000,81,32.18,285.5
starvation,8858.4,62,57,1350,6000,81,35.15,285.5
starvation,8882.7,62,57,1350,6000,83,35.15,285.5
starvation,8908.6,62,57,1350,6000,83,35.15,285.5
starvation,8935.5,62,57,1350,6000,83,35.15,285.5
starvation,8960.1,62,57,1350,6000,83,34.34,285.5
starvation,8985.4,62,57,1350,6000,83,34.34,285.5
starvation,9013.0,62,57,1350,6000,83,34.34,285.5
starvation,9037.7,62,57,1350,6000,83,34.34,285.5
starvation,9064.4,62,57,1350,6000,83,19.51,285.5
starvation,9092.9,62,57,1350,6000,83,19.51,285.5
starvation,9118.4,62,57,1350,6000,83,19.51,285.5
starvation,9142.5,62,57,1350,6000,83,19.51,285.5
starvation,9168.2,62,57,1350,6000,83,17.70,285.5
starvation,9194.8,62,57,1350,6000,83,17.70,285.5
starvation,9221.6,62,57,1350,6000,83,17.70,285.5
starvation,9249.0,62,57,1350,6000,83,17.58,285.5
starvation,9275.4,62,57,1350,6000,83,17.58,285.5
