scenario,variant,param,wall_ms,gpu_busy_ms,gpu_busy_pct,throughput_gbs,extra,check,overlap_ms_or_pct,wall_min_ms,wall_max_ms
link,"H2D pageable",64.0,45.053,0.000,0.00,1.490,0.000,PASS,0.000,0.000,0.000
link,"H2D pinned",64.0,14.933,0.000,0.00,4.494,0.000,PASS,0.000,0.000,0.000
link,"D2H pageable",64.0,40.366,0.000,0.00,1.663,0.000,PASS,0.000,0.000,0.000
link,"D2H pinned",64.0,13.485,0.000,0.00,4.976,0.000,PASS,0.000,0.000,0.000
A0,"kernel + H2D",64.0,18.879,18.771,0.00,0.000,12.680,PASS,99.149,0.000,0.000
A0,"kernel + D2H",64.0,18.825,18.771,0.00,0.000,13.646,PASS,99.604,0.000,0.000
A0,"H2D + D2H",64.0,18.842,12.680,0.00,0.000,13.646,PASS,59.021,0.000,0.000
A,"A1 pageable + sync copies",1.0,127.024,5.345,4.21,2.113,109.064,PASS,0.000,112.138,155.021
A,"A2 pinned + sync copies",1.0,68.390,4.437,6.49,3.925,50.593,PASS,0.000,65.551,77.933
A,"A3 pinned + 2 streams",1.0,64.594,5.927,9.18,4.156,49.656,PASS,0.000,62.315,67.515
A,"A4 pinned + 4 streams",1.0,61.730,4.907,7.95,4.349,48.525,PASS,0.000,60.804,68.212
A,"A5 pinned + 4 streams, copy-ahead",1.0,50.514,5.348,10.59,5.314,82.476,PASS,5.146,47.622,53.800
A,"A1 pageable + sync copies",256.0,241.460,16.936,7.01,1.112,206.236,PASS,0.000,152.812,359.999
A,"A2 pinned + sync copies",256.0,108.949,17.244,15.83,2.464,72.015,PASS,0.000,99.081,152.979
A,"A3 pinned + 2 streams",256.0,96.260,19.487,20.24,2.789,63.053,PASS,0.000,78.049,101.134
A,"A4 pinned + 4 streams",256.0,92.794,18.102,19.51,2.893,61.552,PASS,0.000,86.545,109.754
A,"A5 pinned + 4 streams, copy-ahead",256.0,66.538,18.212,27.37,4.034,95.248,PASS,17.697,58.034,77.392
A,"A1 pageable + sync copies",1024.0,232.517,54.483,23.43,1.154,156.525,PASS,0.000,198.414,351.126
A,"A2 pinned + sync copies",1024.0,130.581,52.886,40.50,2.056,55.898,PASS,0.000,115.810,147.928
A,"A3 pinned + 2 streams",1024.0,133.969,55.293,41.27,2.004,63.841,PASS,0.000,114.854,142.475
A,"A4 pinned + 4 streams",1024.0,131.533,56.317,42.82,2.041,55.822,PASS,0.000,113.288,148.293
A,"A5 pinned + 4 streams, copy-ahead",1024.0,75.265,55.298,73.47,3.567,74.128,PASS,50.532,60.828,84.711
A,"A1 pageable + sync copies",4096.0,352.109,202.424,57.49,0.762,133.318,PASS,0.000,310.788,360.584
A,"A2 pinned + sync copies",4096.0,270.402,201.907,74.67,0.993,51.116,PASS,0.000,267.800,291.564
A,"A3 pinned + 2 streams",4096.0,268.603,203.035,75.59,0.999,51.164,PASS,0.000,260.179,272.133
A,"A4 pinned + 4 streams",4096.0,268.655,202.979,75.55,0.999,51.939,PASS,0.000,263.398,285.629
A,"A5 pinned + 4 streams, copy-ahead",4096.0,202.252,199.723,98.75,1.327,50.579,PASS,47.315,201.999,202.430
B,"B1 prepare then compute (serial)",0.0,213.522,54.433,25.49,1.257,2.716,PASS,0.000,199.365,277.671
B,"B2 1 producer thread (overlap)",0.0,142.660,54.423,38.15,1.882,3.692,PASS,0.000,136.220,174.888
B,"B3 2 producer threads (overlap)",0.0,150.627,55.027,36.53,1.782,4.190,PASS,0.000,137.305,154.512
B,"B1 prepare then compute (serial)",1.0,207.918,53.541,25.75,1.291,2.705,PASS,0.000,197.966,230.149
B,"B2 1 producer thread (overlap)",1.0,146.037,55.787,38.20,1.838,3.752,PASS,0.000,137.625,154.760
B,"B3 2 producer threads (overlap)",1.0,146.267,54.835,37.49,1.835,4.077,PASS,0.000,133.098,148.701
B,"B1 prepare then compute (serial)",2.0,223.587,54.486,24.37,1.201,2.996,PASS,0.000,214.999,237.882
B,"B2 1 producer thread (overlap)",2.0,145.274,55.918,38.49,1.848,3.701,PASS,0.000,134.969,158.002
B,"B3 2 producer threads (overlap)",2.0,144.847,54.517,37.64,1.853,3.952,PASS,0.000,136.210,170.363
B,"B1 prepare then compute (serial)",4.0,256.783,53.929,21.00,1.045,4.087,PASS,0.000,254.153,263.674
B,"B2 1 producer thread (overlap)",4.0,148.997,55.791,37.44,1.802,4.374,PASS,0.000,141.750,157.747
B,"B3 2 producer threads (overlap)",4.0,153.086,56.173,36.69,1.753,5.035,PASS,0.000,137.985,181.863
B,"B1 prepare then compute (serial)",8.0,386.414,54.368,14.07,0.695,8.002,PASS,0.000,376.191,394.769
B,"B2 1 producer thread (overlap)",8.0,262.023,55.045,21.01,1.024,8.022,PASS,0.000,260.763,262.592
B,"B3 2 producer threads (overlap)",8.0,147.590,54.857,37.17,1.819,8.028,PASS,0.000,143.104,168.856
C,"C1 launch + sync each",2000.0,115.870,0.375,0.32,0.000,57.935,PASS,0.000,0.000,0.000
C,"C2 launch all, sync once",2000.0,41.111,0.375,0.91,0.000,20.556,PASS,0.000,0.000,0.000
C,"C3 one fused kernel",2000.0,0.375,0.375,100.00,0.000,0.188,PASS,0.000,0.000,0.000
