scan,status,wall_s,start_epoch
2022061203_FLAIR01,PASS,26262e-3,1790805492
2022061203_FLAIR02,PASS,28670e-3,1790805518
2022061203_T101,PASS,28673e-3,1790805547
2022061203_T102,PASS,34868e-3,1790805576
2022061203_T103,PASS,39974e-3,1790805611
2022061203_T201,PASS,47793e-3,1790805651
2022061203_T202,PASS,38128e-3,1790805698
2022061203_T203,PASS,46945e-3,1790805737
2022061204_FLAIR01,PASS,52048e-3,1790805784
2022061204_FLAIR02,PASS,53835e-3,1790805836
2022061204_T101,PASS,54525e-3,1790805889
2022061204_T102,PASS,57717e-3,1790805944
2022061204_T103,PASS,55561e-3,1790806002
2022061204_T201,PASS,61029e-3,1790806057
2022061204_T202,PASS,59868e-3,1790806118
2022061204_T203,PASS,60073e-3,1790806178
2022061206_FLAIR01,PASS,59585e-3,1790806238
2022061206_FLAIR02,PASS,59802e-3,1790806298
2022061206_T101,PASS,57591e-3,1790806358
2022061206_T102,PASS,55254e-3,1790806415
2022061206_T103,PASS,59239e-3,1790806471
2022061206_T201,PASS,55885e-3,1790806530
2022061206_T202,PASS,62640e-3,1790806586
2022061206_T203,PASS,60345e-3,1790806648
2022061207_FLAIR01,PASS,62566e-3,1790806709
2022061207_FLAIR02,PASS,59646e-3,1790806771
2022061207_T101,PASS,57257e-3,1790806831
2022061207_T102,PASS,55637e-3,1790806888
2022061207_T103,PASS,55962e-3,1790806944
2022061207_T201,PASS,51495e-3,1790807000
2022061207_T202,PASS,55910e-3,1790807051
2022061207_T203,PASS,51421e-3,1790807107
2022061213_FLAIR01,PASS,54798e-3,1790807159
2022061213_FLAIR02,PASS,52553e-3,1790807214
2022061213_T101,PASS,52267e-3,1790807266
2022061213_T102,PASS,52155e-3,1790807318
2022061213_T103,PASS,54991e-3,1790807371
2022061213_T201,PASS,52609e-3,1790807426
2022061213_T202,PASS,57879e-3,1790807478
2022061213_T203,PASS,56581e-3,1790807536
2022061301_FLAIR01,PASS,55781e-3,1790807593
2022061301_FLAIR02,PASS,53876e-3,1790807649
2022061301_T101,PASS,56419e-3,1790807702
2022061301_T102,PASS,50825e-3,1790807759
2022061301_T103,PASS,54425e-3,1790807810
2022061301_T201,PASS,58625e-3,1790807864
2022061301_T202,PASS,57363e-3,1790807923
2022061301_T203,PASS,52478e-3,1790807980
2022061302_FLAIR01,PASS,52047e-3,1790808033
2022061302_FLAIR02,PASS,57505e-3,1790808085
2022061302_T101,PASS,56729e-3,1790808142
2022061302_T102,PASS,56206e-3,1790808199
2022061302_T103,PASS,54617e-3,1790808255
2022061302_T201,PASS,57751e-3,1790808310
2022061302_T202,PASS,55722e-3,1790808368
2022061302_T203,PASS,58969e-3,1790808423
2022062303_FLAIR01,PASS,59489e-3,1790808482
2022062303_FLAIR02,PASS,57105e-3,1790808542
2022062303_T101,PASS,57662e-3,1790808599
2022062303_T102,PASS,56881e-3,1790808657
2022062303_T103,PASS,58920e-3,1790808713
2022062303_T201,PASS,58584e-3,1790808772
2022062303_T202,PASS,60214e-3,1790808831
2022062303_T203,PASS,54920e-3,1790808891
2022062501_FLAIR01,PASS,55531e-3,1790808946
2022062501_FLAIR02,PASS,58232e-3,1790809002
2022062501_T101,PASS,53320e-3,1790809060
2022062501_T102,PASS,59652e-3,1790809113
2022062501_T103,PASS,57552e-3,1790809173
2022062501_T201,PASS,58112e-3,1790809231
2022062501_T202,PASS,57792e-3,1790809289
2022062501_T203,PASS,56342e-3,1790809346
2022062604_FLAIR01,PASS,55774e-3,1790809403
2022062604_FLAIR02,PASS,60089e-3,1790809459
2022062604_T101,PASS,52551e-3,1790809519
2022062604_T102,PASS,55521e-3,1790809571
2022062604_T103,PASS,61827e-3,1790809627
2022062604_T201,PASS,56245e-3,1790809689
2022062604_T202,PASS,58448e-3,1790809745
2022062604_T203,PASS,55945e-3,1790809803
2022062612_FLAIR01,PASS,60881e-3,1790809859
2022062612_FLAIR02,PASS,60264e-3,1790809920
2022062612_T101,PASS,54830e-3,1790809980
2022062612_T102,PASS,60730e-3,1790810035
2022062612_T103,PASS,55869e-3,1790810096
2022062612_T201,PASS,56305e-3,1790810152
2022062612_T202,PASS,57588e-3,1790810208
2022062612_T203,PASS,52901e-3,1790810266
2022062614_FLAIR01,PASS,55510e-3,1790810319
2022062614_FLAIR02,PASS,58620e-3,1790810374
2022062614_T101,PASS,54618e-3,1790810433
2022062614_T102,PASS,57555e-3,1790810488
